{"2009-04-08": {"mosml": {"boyer": [{"compile_time": 0.73494911193847656, "run_time": 0.51869320869445801}, [{"compile_time": 0.83334493637084961, "run_time": 0.50731420516967773}], [{"compile_time": 0.7695620059967041, "run_time": 0.51647400856018066}]]}}}